{"cameraMode":{"drawMode":0,"name":"Shaded","section":"Shading Mode"},"sceneLighting":true,"audioPlay":false,"sceneViewState":{"showFog":true,"showMaterialUpdate":false,"showSkybox":true,"showFlares":true,"showImageEffects":true,"showParticleSystems":true},"in2DMode":false,"pivot":{"x":-3.6185519695281984,"y":-2.779202938079834,"z":-9.347232818603516},"rotation":{"x":0.0233154259622097,"y":0.9345594644546509,"z":-0.34954196214675906,"w":0.06233425810933113},"size":9.03665542602539,"orthographic":false}